img001greek.png;\alpha
img002greek.png;\beta
img003greek.png;\gamma
img004greek.png;\delta
img005greek.png;\epsilon
img006greek.png;\varepsilon
img007greek.png;\zeta
img008greek.png;\eta
img009greek.png;\theta
img010greek.png;\vartheta
img011greek.png;\gamma
img012greek.png;\kappa
img013greek.png;\lambda
img014greek.png;\mu
img015greek.png;\nu
img016greek.png;\xi
img017greek.png;o
img018greek.png;\pi
img019greek.png;\varpi
img020greek.png;\rho
img021greek.png;\varrho
img022greek.png;\sigma
img023greek.png;\varsigma
img024greek.png;\tau
img025greek.png;\upsilon
img026greek.png;\phi
img027greek.png;\varphi
img028greek.png;\chi
img029greek.png;\psi
img030greek.png;\omega
img031greek.png;A
img032greek.png;B
img033greek.png;\Gamma
img034greek.png;\varGamma
img035greek.png;\Delta
img036greek.png;\varDelta
img037greek.png;E
img038greek.png;Z
img039greek.png;H
img040greek.png;\Theta
img041greek.png;\varTheta
img042greek.png;I
img043greek.png;K
img044greek.png;\Lambda
img045greek.png;\varLambda
img046greek.png;M
img047greek.png;N
img048greek.png;\Xi
img049greek.png;\varXi
img050greek.png;O
img051greek.png;\Pi
img052greek.png;\varPi
img053greek.png;P
img054greek.png;\Sigma
img055greek.png;\varSigma
img056greek.png;T
img057greek.png;\Upsilon
img058greek.png;\varUpsilon
img059greek.png;\Phi
img060greek.png;\varPhi
img061greek.png;X
img062greek.png;\Psi
img063greek.png;\varPsi
img064greek.png;\Omega
img065greek.png;\varOmega
